"","","","","","","","","",""
"","","","","","","","","",""
"","","","","","","","","",""
"question,option1,option2,option3,option4,answer,difficulty","","","","","","","","",""
"What is 2+2?,1,2,3,4,4,Easy","","","","","","","","",""
"Capital of France?,Berlin,Rome,Madrid,Paris,Paris,Easy","","","","","","","","",""
"What is 15*3?,30,45,40,35,45,Medium","","","","","","","","",""
"Python uses which indentation?,tabs,braces,spaces,semicolons,spaces,Medium","","","","","","","","",""
"Derivative of x^2?,2x,x,1,3x,2x,Hard","","","","","","","","",""
"What is AI?,Robotics,Algorithms,Data,Mind,Algorithms,Hard","","","","","","","","",""