username,date,category,difficulty,correct,total,streak
test,2025-06-14 18:17,general,Medium,1,1,1
test,2025-06-14 18:17,general,Medium,1,1,2
test,2025-06-14 18:17,general,Medium,0,1,1
user,2025-06-14 18:25,physics,Medium,0,1,-1
user,2025-06-14 18:25,physics,Easy,0,1,-2
test,2025-06-14 18:29,geometry,Medium,0,1,-1
testuser,2025-07-12 21:33,general,Easy,0,1,-1
testuser,2025-07-12 21:33,general,Easy,1,1,1
testuser,2025-07-12 21:35,general,Easy,1,1,2
testuser,2025-07-12 21:35,general,Medium,1,1,0
testuser,2025-07-12 21:36,general,Medium,0,1,-1
testuser,2025-07-12 21:36,general,Medium,0,1,-2
testuser,2025-07-12 21:37,general,Medium,1,1,1
testuser,2025-07-12 21:38,general,Medium,1,1,2
testuser,2025-07-12 21:38,general,Hard,1,1,0
testuser,2025-07-12 21:38,general,Hard,0,1,-1
testuser,2025-07-12 21:38,general,Hard,0,1,-2
testuser,2025-07-12 21:38,general,Medium,0,1,0
testuser,2025-07-12 21:38,general,Medium,0,1,-1
testuser,2025-07-12 21:39,general,Medium,1,1,1
testuser,2025-07-12 21:39,general,Medium,1,1,2
testuser,2025-07-12 21:39,general,Hard,1,1,0
testuser,2025-07-12 21:39,general,Hard,0,1,-1
testuser,2025-07-12 21:41,geometry,Easy,1,1,1
testuser,2025-07-12 21:42,geometry,Easy,1,1,2
testuser,2025-07-12 21:42,geometry,Medium,1,1,0
testuser,2025-07-12 22:44,probability,Easy,0,1,-1
testuser,2025-07-12 22:51,geometry,Easy,0,1,-1
testuser,2025-07-12 22:52,geometry,Easy,0,1,-2
testuser,2025-07-12 22:52,geometry,Easy,0,1,0
testuser,2025-07-12 22:53,geometry,Easy,1,1,1
